0,1,2,3,4,raio,time,7,8,raio,time,11,12,,time,15,16,,time
ret_cvxp_10_1,cvxps_size,2.8367565,cutoff-w-sep-10,0.631375491,0.222569505,0.0991708,cutoff-w-sep-16,0.710967491,0.250626901,0.1695501,cutoff-w-sep-22,0.79405548,0.279916687,0.2323994,cutoff-w-sep-28,0.870967223,0.307029251,0.3082499
ret_cvxp_10_11,cvxps_size,3.249825,cutoff-w-sep-10,0.390059267,0.120024699,0.1449059,cutoff-w-sep-16,0.439460908,0.135226022,0.2142383,cutoff-w-sep-22,0.439083796,0.135109982,0.2965107,cutoff-w-sep-28,0.457059457,0.140641252,0.3710612
ret_cvxp_10_12,cvxps_size,3.9774635,cutoff-w-sep-10,0.952402737,0.239449774,0.1206713,cutoff-w-sep-16,0.993058438,0.249671289,0.2012122,cutoff-w-sep-22,1.402621677,0.35264225,0.2733251,cutoff-w-sep-28,1.373704594,0.345372018,0.3472705
ret_cvxp_10_13,cvxps_size,4.8245595,cutoff-w-sep-10,0.591032296,0.122504924,0.1047589,cutoff-w-sep-16,0.670574656,0.138991893,0.1424145,cutoff-w-sep-22,0.674202904,0.13974393,0.2025675,cutoff-w-sep-28,0.833752784,0.172814282,0.2530731
ret_cvxp_10_14,cvxps_size,4.5776385,cutoff-w-sep-10,1.071871699,0.234153854,0.140201,cutoff-w-sep-16,1.006749561,0.219927712,0.2273313,cutoff-w-sep-22,1.24699222,0.272409501,0.2765888,cutoff-w-sep-28,1.257179643,0.274634977,0.3724279
ret_cvxp_10_15,cvxps_size,4.021653,cutoff-w-sep-10,0.908827889,0.225983666,0.1065388,cutoff-w-sep-16,0.900808366,0.22398958,0.1833074,cutoff-w-sep-22,0.937358885,0.233078012,0.2418144,cutoff-w-sep-28,1.060581943,0.263717915,0.3135324
ret_cvxp_10_2,cvxps_size,2.380369,cutoff-w-sep-10,0.488682172,0.205296814,0.1427252,cutoff-w-sep-16,0.345288989,0.145056917,0.2138749,cutoff-w-sep-22,0.570540927,0.239685917,0.3006084,cutoff-w-sep-28,0.509118788,0.213882297,0.3818589
ret_cvxp_10_21,cvxps_size,6.4613885,cutoff-w-sep-10,2.118170482,0.327819707,0.1599597,cutoff-w-sep-16,2.240981407,0.3468266,0.253223,cutoff-w-sep-22,2.529565883,0.39148952,0.3402903,cutoff-w-sep-28,2.351073134,0.363865001,0.4010881
ret_cvxp_10_22,cvxps_size,6.7769675,cutoff-w-sep-10,1.203194081,0.177541663,0.1392161,cutoff-w-sep-16,1.836511817,0.270993157,0.2139351,cutoff-w-sep-22,2.00655667,0.296084741,0.3010549,cutoff-w-sep-28,1.98244072,0.292526225,0.3879996
ret_cvxp_10_23,cvxps_size,7.306966,cutoff-w-sep-10,1.787418243,0.244618388,0.1621788,cutoff-w-sep-16,1.864963503,0.255230899,0.2230571,cutoff-w-sep-22,2.2137921,0.302970084,0.3230844,cutoff-w-sep-28,2.751105708,0.376504517,0.4024024
ret_cvxp_10_24,cvxps_size,5.6025865,cutoff-w-sep-10,1.258820138,0.224685534,0.1315901,cutoff-w-sep-16,1.332480766,0.237833145,0.1988646,cutoff-w-sep-22,1.714904158,0.306091509,0.2733922,cutoff-w-sep-28,1.814216572,0.323817682,0.3430746
ret_cvxp_10_25,cvxps_size,6.762294,cutoff-w-sep-10,1.550522205,0.229289381,0.1099641,cutoff-w-sep-16,1.963772616,0.290400361,0.1858975,cutoff-w-sep-22,1.947609192,0.288010133,0.2477664,cutoff-w-sep-28,2.111909557,0.312306675,0.3174457
ret_cvxp_10_3,cvxps_size,2.364533,cutoff-w-sep-10,0.407054694,0.172150143,0.1428245,cutoff-w-sep-16,0.577274939,0.244139092,0.2300947,cutoff-w-sep-22,0.571928463,0.241877979,0.3126803,cutoff-w-sep-28,0.576552442,0.243833536,0.3989245
ret_cvxp_10_4,cvxps_size,2.51481,cutoff-w-sep-10,0.512619787,0.203840365,0.0876632,cutoff-w-sep-16,0.561992715,0.22347323,0.1272229,cutoff-w-sep-22,0.600918617,0.238951896,0.1796717,cutoff-w-sep-28,0.589183602,0.234285533,0.2353659
ret_cvxp_10_5,cvxps_size,2.706844,cutoff-w-sep-10,0.455649816,0.168332499,0.1221357,cutoff-w-sep-16,0.556851657,0.205719893,0.2052082,cutoff-w-sep-22,0.649358352,0.239895004,0.2722372,cutoff-w-sep-28,0.685950426,0.253413357,0.3656681
ret_cvxp_12_1,cvxps_size,2.837682,cutoff-w-sep-10,0.573507616,0.202104258,0.1445739,cutoff-w-sep-16,0.578252757,0.203776448,0.1937818,cutoff-w-sep-22,0.687881888,0.242409787,0.2710603,cutoff-w-sep-28,0.836126652,0.294651287,0.3512212
ret_cvxp_12_11,cvxps_size,4.9709765,cutoff-w-sep-10,1.13109282,0.227539362,0.1406244,cutoff-w-sep-16,1.028789546,0.206959246,0.2142281,cutoff-w-sep-22,1.210248928,0.243463015,0.2957338,cutoff-w-sep-28,1.12185794,0.225681602,0.3654545
ret_cvxp_12_12,cvxps_size,5.253909,cutoff-w-sep-10,0.81111225,0.154382622,0.1343115,cutoff-w-sep-16,1.037048809,0.197386138,0.2122169,cutoff-w-sep-22,1.141786543,0.21732134,0.2926884,cutoff-w-sep-28,1.114835539,0.212191635,0.353777
ret_cvxp_12_13,cvxps_size,5.145976,cutoff-w-sep-10,0.94684999,0.183998136,0.1767064,cutoff-w-sep-16,1.029079337,0.199977485,0.2858238,cutoff-w-sep-22,1.079342853,0.209745023,0.3793306,cutoff-w-sep-28,1.112631409,0.216213874,0.480854
ret_cvxp_12_14,cvxps_size,5.458462,cutoff-w-sep-10,0.801186329,0.146778768,0.1929588,cutoff-w-sep-16,0.854126074,0.156477424,0.2955455,cutoff-w-sep-22,0.913588753,0.167371093,0.3981986,cutoff-w-sep-28,1.165808826,0.213578262,0.5104146
ret_cvxp_12_15,cvxps_size,5.0984065,cutoff-w-sep-10,1.083762382,0.212568845,0.172669,cutoff-w-sep-16,1.234546713,0.242143641,0.2840209,cutoff-w-sep-22,1.572216624,0.308374121,0.377819,cutoff-w-sep-28,1.799118046,0.352878502,0.4879941
ret_cvxp_12_2,cvxps_size,2.4370415,cutoff-w-sep-10,0.643295467,0.263965742,0.1939042,cutoff-w-sep-16,0.680348662,0.279169912,0.302639,cutoff-w-sep-22,0.761345646,0.312405696,0.4036105,cutoff-w-sep-28,0.819980701,0.336465629,0.5285646
ret_cvxp_12_21,cvxps_size,7.066614,cutoff-w-sep-10,1.321364209,0.186986895,0.1635766,cutoff-w-sep-16,1.55554749,0.220126285,0.2523159,cutoff-w-sep-22,1.645417433,0.232843825,0.3554302,cutoff-w-sep-28,2.001983332,0.283301639,0.4471419
ret_cvxp_12_22,cvxps_size,8.669288,cutoff-w-sep-10,1.671080846,0.192758719,0.1427629,cutoff-w-sep-16,2.063637907,0.238040068,0.2165264,cutoff-w-sep-22,2.010540015,0.231915241,0.2960121,cutoff-w-sep-28,2.366863608,0.27301707,0.3816097
ret_cvxp_12_23,cvxps_size,9.222295,cutoff-w-sep-10,1.804982984,0.195719502,0.1394059,cutoff-w-sep-16,1.856911909,0.201350305,0.2252338,cutoff-w-sep-22,2.378465493,0.257903862,0.3126024,cutoff-w-sep-28,2.634638122,0.285681397,0.3885903
ret_cvxp_12_24,cvxps_size,7.9614795,cutoff-w-sep-10,1.516014992,0.190418752,0.1135615,cutoff-w-sep-16,1.667186873,0.209406665,0.1934043,cutoff-w-sep-22,1.940934178,0.243790639,0.261755,cutoff-w-sep-28,1.725722344,0.216759001,0.3288599
ret_cvxp_12_25,cvxps_size,8.8407145,cutoff-w-sep-10,1.426869383,0.161397519,0.106658,cutoff-w-sep-16,1.656982011,0.187426255,0.162696,cutoff-w-sep-22,1.782588719,0.20163401,0.2216364,cutoff-w-sep-28,2.258782138,0.255497691,0.2925959
ret_cvxp_12_3,cvxps_size,2.83817,cutoff-w-sep-10,0.437285488,0.154073043,0.1525036,cutoff-w-sep-16,0.512115091,0.180438484,0.23387,cutoff-w-sep-22,0.671907471,0.236739685,0.32643,cutoff-w-sep-28,0.714388859,0.251707565,0.4054401
ret_cvxp_12_4,cvxps_size,2.9402995,cutoff-w-sep-10,0.414806221,0.14107618,0.1556435,cutoff-w-sep-16,0.578777004,0.196842874,0.2530378,cutoff-w-sep-22,0.721856287,0.24550434,0.3545837,cutoff-w-sep-28,0.823564903,0.280095583,0.4411198
ret_cvxp_12_5,cvxps_size,3.098764,cutoff-w-sep-10,0.391469357,0.126330807,0.1511699,cutoff-w-sep-16,0.435042315,0.140392206,0.2239161,cutoff-w-sep-22,0.529748209,0.17095468,0.3117984,cutoff-w-sep-28,0.501982475,0.16199442,0.392091
ret_cvxp_14_1,cvxps_size,3.439528,cutoff-w-sep-10,0.5513216,0.1602899,0.2034347,cutoff-w-sep-16,0.57723719,0.167824536,0.3052111,cutoff-w-sep-22,0.697549231,0.202803766,0.4271496,cutoff-w-sep-28,0.745037015,0.216610249,0.5391558
ret_cvxp_14_11,cvxps_size,5.6063695,cutoff-w-sep-10,0.87567465,0.156192818,0.1718229,cutoff-w-sep-16,0.929050198,0.165713337,0.2628978,cutoff-w-sep-22,1.302535551,0.232331378,0.3790164,cutoff-w-sep-28,1.278860913,0.228108567,0.4759556
ret_cvxp_14_12,cvxps_size,5.998879,cutoff-w-sep-10,1.05162239,0.175303151,0.1776241,cutoff-w-sep-16,1.22849745,0.204787836,0.2648665,cutoff-w-sep-22,1.360027893,0.226713673,0.3772616,cutoff-w-sep-28,1.428510686,0.238129605,0.4506333
ret_cvxp_14_13,cvxps_size,6.2483905,cutoff-w-sep-10,1.325897227,0.212198202,0.1975146,cutoff-w-sep-16,1.484576114,0.237593363,0.325385,cutoff-w-sep-22,1.62151403,0.259509074,0.4357545,cutoff-w-sep-28,1.650200033,0.264100016,0.5683524
ret_cvxp_14_14,cvxps_size,5.79268,cutoff-w-sep-10,0.777484194,0.134218392,0.2039334,cutoff-w-sep-16,1.29247061,0.223121355,0.325794,cutoff-w-sep-22,1.445513596,0.24954142,0.4393086,cutoff-w-sep-28,1.435343017,0.247785657,0.5523799
ret_cvxp_14_15,cvxps_size,6.38302,cutoff-w-sep-10,1.118031176,0.175157085,0.1911318,cutoff-w-sep-16,1.213745218,0.190152188,0.3109125,cutoff-w-sep-22,1.512281876,0.236922628,0.4350747,cutoff-w-sep-28,1.526638982,0.239171894,0.5526343
ret_cvxp_14_2,cvxps_size,3.5659425,cutoff-w-sep-10,0.483786852,0.135668719,0.1746783,cutoff-w-sep-16,0.56296399,0.157872425,0.2615736,cutoff-w-sep-22,0.730306655,0.204800457,0.3691896,cutoff-w-sep-28,0.740352502,0.207617622,0.4556909
ret_cvxp_14_21,cvxps_size,9.7459445,cutoff-w-sep-10,1.688516773,0.173253272,0.2129621,cutoff-w-sep-16,1.885358584,0.193450577,0.3446892,cutoff-w-sep-22,2.097947739,0.215263666,0.4569694,cutoff-w-sep-28,2.375378903,0.243729985,0.5984261
ret_cvxp_14_22,cvxps_size,8.665078,cutoff-w-sep-10,1.349427442,0.155731713,0.1730043,cutoff-w-sep-16,1.517113976,0.175083707,0.2700204,cutoff-w-sep-22,1.742592477,0.201105227,0.3573182,cutoff-w-sep-28,1.916118096,0.221131085,0.4566073
ret_cvxp_14_23,cvxps_size,8.698894,cutoff-w-sep-10,1.492591611,0.171584067,0.1433278,cutoff-w-sep-16,1.213633461,0.139515835,0.2382843,cutoff-w-sep-22,2.562382574,0.29456418,0.3321537,cutoff-w-sep-28,2.42139887,0.278357096,0.4454836
ret_cvxp_14_24,cvxps_size,9.503803,cutoff-w-sep-10,2.412091637,0.253802782,0.220397,cutoff-w-sep-16,2.791903198,0.293766948,0.3530557,cutoff-w-sep-22,3.132484645,0.32960328,0.4736201,cutoff-w-sep-28,3.211745489,0.337943189,0.5969478
ret_cvxp_14_25,cvxps_size,10.3811315,cutoff-w-sep-10,1.368537705,0.131829339,0.1889025,cutoff-w-sep-16,1.907026114,0.183701181,0.3107057,cutoff-w-sep-22,1.9034817,0.183359752,0.4152563,cutoff-w-sep-28,1.912014549,0.18418171,0.5525684
ret_cvxp_14_3,cvxps_size,3.488347,cutoff-w-sep-10,0.597380961,0.171250441,0.2100148,cutoff-w-sep-16,0.603886305,0.173115319,0.3294426,cutoff-w-sep-22,0.642759701,0.184259106,0.4465567,cutoff-w-sep-28,0.733993181,0.210412892,0.5653381
ret_cvxp_14_4,cvxps_size,3.553975,cutoff-w-sep-10,0.473213638,0.133150525,0.1659277,cutoff-w-sep-16,0.829544686,0.233413203,0.2670816,cutoff-w-sep-22,0.722634649,0.203331382,0.3546675,cutoff-w-sep-28,0.805310315,0.226594254,0.4641003
ret_cvxp_14_5,cvxps_size,3.4193495,cutoff-w-sep-10,0.409078199,0.119636264,0.1403852,cutoff-w-sep-16,0.501541823,0.146677555,0.2369757,cutoff-w-sep-22,0.55445579,0.162152418,0.3223654,cutoff-w-sep-28,0.54326454,0.1588795,0.4258878
ret_cvxp_16_1,cvxps_size,4.0400775,cutoff-w-sep-10,0.302665157,0.074915681,0.1420912,cutoff-w-sep-16,0.365503674,0.090469471,0.2547538,cutoff-w-sep-22,0.401210571,0.099307642,0.3368218,cutoff-w-sep-28,0.422156743,0.104492239,0.445261
ret_cvxp_16_11,cvxps_size,5.909924,cutoff-w-sep-10,0.588861682,0.099639468,0.2155628,cutoff-w-sep-16,0.81424652,0.137776141,0.331542,cutoff-w-sep-22,0.845923016,0.143136023,0.4646028,cutoff-w-sep-28,0.928836609,0.157165576,0.5865141
ret_cvxp_16_12,cvxps_size,6.489136,cutoff-w-sep-10,0.898814343,0.138510634,0.1408838,cutoff-w-sep-16,0.682755951,0.105215232,0.237257,cutoff-w-sep-22,1.012702265,0.156061187,0.3332517,cutoff-w-sep-28,0.928393766,0.143068933,0.4200275
ret_cvxp_16_13,cvxps_size,7.41841,cutoff-w-sep-10,1.181487294,0.159264222,0.2106859,cutoff-w-sep-16,1.097031844,0.147879646,0.3114731,cutoff-w-sep-22,1.526717467,0.205801171,0.4422855,cutoff-w-sep-28,1.787936692,0.241013464,0.5568351
ret_cvxp_16_14,cvxps_size,7.6445395,cutoff-w-sep-10,0.94443515,0.12354376,0.1922613,cutoff-w-sep-16,1.600507669,0.209366132,0.3197361,cutoff-w-sep-22,1.534215952,0.200694359,0.4156419,cutoff-w-sep-28,1.704825227,0.223012155,0.5264986
ret_cvxp_16_15,cvxps_size,7.069676,cutoff-w-sep-10,0.750139651,0.106106652,0.2011412,cutoff-w-sep-16,1.058038041,0.149658632,0.341357,cutoff-w-sep-22,1.099888307,0.155578319,0.4528001,cutoff-w-sep-28,1.090392869,0.154235197,0.5983944
ret_cvxp_16_2,cvxps_size,3.576911,cutoff-w-sep-10,0.493010138,0.137831257,0.1898565,cutoff-w-sep-16,0.695056123,0.194317422,0.3150856,cutoff-w-sep-22,0.722553506,0.202004888,0.4435758,cutoff-w-sep-28,0.803850116,0.224733049,0.568245
ret_cvxp_16_21,cvxps_size,11.33799,cutoff-w-sep-10,1.933282835,0.170513718,0.2133031,cutoff-w-sep-16,2.024880581,0.178592553,0.3216978,cutoff-w-sep-22,2.148856285,0.189527093,0.4468472,cutoff-w-sep-28,2.179556628,0.192234834,0.5665529
ret_cvxp_16_22,cvxps_size,10.8749965,cutoff-w-sep-10,0.79112818,0.072747442,0.1943554,cutoff-w-sep-16,1.262739613,0.116114025,0.3244233,cutoff-w-sep-22,2.099980911,0.193101755,0.4600263,cutoff-w-sep-28,2.297533701,0.211267535,0.5670673
ret_cvxp_16_23,cvxps_size,12.206533,cutoff-w-sep-10,1.357093268,0.111177618,0.1726847,cutoff-w-sep-16,1.500208226,0.122902074,0.2991523,cutoff-w-sep-22,1.52580233,0.124998829,0.3981621,cutoff-w-sep-28,1.56881254,0.128522369,0.5049777
ret_cvxp_16_24,cvxps_size,11.391483,cutoff-w-sep-10,1.185884667,0.104102746,0.1363088,cutoff-w-sep-16,1.258219556,0.110452656,0.2327615,cutoff-w-sep-22,1.840860677,0.161599739,0.315004,cutoff-w-sep-28,1.780977803,0.156342928,0.3952815
ret_cvxp_16_25,cvxps_size,10.7605235,cutoff-w-sep-10,1.566003862,0.145532312,0.225158,cutoff-w-sep-16,1.999292592,0.185798822,0.3741843,cutoff-w-sep-22,2.00714632,0.186528687,0.4978449,cutoff-w-sep-28,2.304995276,0.21420847,0.6500283
ret_cvxp_16_3,cvxps_size,3.804805,cutoff-w-sep-10,0.544699125,0.143160852,0.1862384,cutoff-w-sep-16,0.673276787,0.176954348,0.32373,cutoff-w-sep-22,0.717999452,0.188708607,0.4187405,cutoff-w-sep-28,0.764442219,0.200914953,0.5677767
ret_cvxp_16_4,cvxps_size,3.83811,cutoff-w-sep-10,0.575068955,0.149831285,0.2122609,cutoff-w-sep-16,0.733591364,0.191133491,0.3239539,cutoff-w-sep-22,0.793802665,0.206821239,0.4611289,cutoff-w-sep-28,0.845169369,0.220204572,0.5735649
ret_cvxp_16_5,cvxps_size,3.903183,cutoff-w-sep-10,0.579816542,0.148549669,0.2294086,cutoff-w-sep-16,0.808413309,0.207116425,0.3423039,cutoff-w-sep-22,0.881352856,0.225803621,0.4890402,cutoff-w-sep-28,0.840258293,0.215275147,0.6126418
ret_cvxp_18_1,cvxps_size,4.3090515,cutoff-w-sep-10,0.4882034,0.113297184,0.2076219,cutoff-w-sep-16,0.769643509,0.178610887,0.3352599,cutoff-w-sep-22,0.806391589,0.187139,0.4472535,cutoff-w-sep-28,0.821592601,0.190666693,0.5811117
ret_cvxp_18_11,cvxps_size,7.24966,cutoff-w-sep-10,0.693489053,0.095658149,0.1907053,cutoff-w-sep-16,1.012732897,0.139693847,0.3549152,cutoff-w-sep-22,1.174492942,0.162006624,0.4831188,cutoff-w-sep-28,1.338022468,0.184563479,0.6276531
ret_cvxp_18_12,cvxps_size,8.1751475,cutoff-w-sep-10,1.598618242,0.195546104,0.2531453,cutoff-w-sep-16,1.539888801,0.188362204,0.4081508,cutoff-w-sep-22,1.958748894,0.239597988,0.5365608,cutoff-w-sep-28,1.696404914,0.20750756,0.6860176
ret_cvxp_18_13,cvxps_size,7.8336315,cutoff-w-sep-10,0.630693988,0.080511062,0.1967458,cutoff-w-sep-16,0.775915149,0.099049228,0.3043853,cutoff-w-sep-22,0.856687058,0.109360143,0.4335895,cutoff-w-sep-28,0.902121256,0.115160032,0.5531951
ret_cvxp_18_14,cvxps_size,7.705729,cutoff-w-sep-10,0.695310853,0.090232975,0.2051841,cutoff-w-sep-16,1.100483709,0.142813705,0.3219808,cutoff-w-sep-22,1.212720869,0.157379123,0.4606079,cutoff-w-sep-28,1.255344659,0.162910564,0.5770128
ret_cvxp_18_15,cvxps_size,7.353367,cutoff-w-sep-10,0.782599169,0.106427323,0.2119775,cutoff-w-sep-16,0.772931056,0.105112536,0.3462946,cutoff-w-sep-22,1.077303951,0.146504853,0.4423185,cutoff-w-sep-28,1.001685501,0.136221339,0.5712434
ret_cvxp_18_2,cvxps_size,4.7827285,cutoff-w-sep-10,0.540103424,0.112927887,0.2492914,cutoff-w-sep-16,0.72751,0.152111917,0.4004354,cutoff-w-sep-22,0.759374938,0.158774419,0.5493317,cutoff-w-sep-28,0.932231314,0.19491621,0.7059602
ret_cvxp_18_21,cvxps_size,12.652868,cutoff-w-sep-10,1.259747721,0.099562227,0.1807293,cutoff-w-sep-16,1.350425576,0.106728812,0.2611128,cutoff-w-sep-22,1.521889156,0.120280173,0.3701142,cutoff-w-sep-28,1.833491239,0.144907166,0.5026732
ret_cvxp_18_22,cvxps_size,13.3687735,cutoff-w-sep-10,1.861544047,0.139245687,0.1960597,cutoff-w-sep-16,2.136955097,0.159846758,0.308646,cutoff-w-sep-22,2.389051721,0.178703882,0.4326881,cutoff-w-sep-28,2.450421305,0.183294399,0.5611023
ret_cvxp_18_23,cvxps_size,11.8949815,cutoff-w-sep-10,1.550584211,0.130356168,0.2726555,cutoff-w-sep-16,2.80175786,0.23554117,0.4327745,cutoff-w-sep-22,2.248319005,0.189014082,0.6105834,cutoff-w-sep-28,2.874959597,0.241695172,0.7801412
ret_cvxp_18_24,cvxps_size,12.8111945,cutoff-w-sep-10,1.359809739,0.106142307,0.217495,cutoff-w-sep-16,1.572259862,0.12272547,0.3528647,cutoff-w-sep-22,1.632384214,0.12741858,0.4937521,cutoff-w-sep-28,1.710884373,0.133546046,0.5928591
ret_cvxp_18_25,cvxps_size,11.4662045,cutoff-w-sep-10,1.305135117,0.113824511,0.2380694,cutoff-w-sep-16,1.828870723,0.159500969,0.3716696,cutoff-w-sep-22,1.755302511,0.153084877,0.4951354,cutoff-w-sep-28,2.099146321,0.183072465,0.6327136
ret_cvxp_18_3,cvxps_size,4.1975075,cutoff-w-sep-10,0.41141682,0.098014553,0.2230344,cutoff-w-sep-16,0.844811035,0.201264926,0.3634637,cutoff-w-sep-22,0.747984915,0.178197398,0.4872195,cutoff-w-sep-28,0.875202632,0.208505317,0.6155439
ret_cvxp_18_4,cvxps_size,4.3894895,cutoff-w-sep-10,0.370677964,0.084446714,0.1693115,cutoff-w-sep-16,0.63891298,0.14555519,0.2742212,cutoff-w-sep-22,0.61908071,0.141037064,0.3731802,cutoff-w-sep-28,0.679433588,0.154786471,0.4770522
ret_cvxp_18_5,cvxps_size,4.529712,cutoff-w-sep-10,0.45308037,0.100024101,0.1849527,cutoff-w-sep-16,0.678745319,0.14984293,0.3064593,cutoff-w-sep-22,0.780564411,0.17232098,0.4233759,cutoff-w-sep-28,0.801278324,0.176893878,0.5281524
ret_cvxp_20_1,cvxps_size,4.9860695,cutoff-w-sep-10,0.447249818,0.089699876,0.2833699,cutoff-w-sep-16,0.408757666,0.081979938,0.4527363,cutoff-w-sep-22,0.558377789,0.111987566,0.6229387,cutoff-w-sep-28,0.557572514,0.111826061,0.7875062
ret_cvxp_20_11,cvxps_size,8.819459,cutoff-w-sep-10,0.929113142,0.105348088,0.2304437,cutoff-w-sep-16,1.096321134,0.124307073,0.3613844,cutoff-w-sep-22,1.203314825,0.136438621,0.5000663,cutoff-w-sep-28,1.573503284,0.178412676,0.6270661
ret_cvxp_20_12,cvxps_size,8.9969115,cutoff-w-sep-10,0.799557184,0.088870184,0.167347,cutoff-w-sep-16,1.246972756,0.138600091,0.2852435,cutoff-w-sep-22,1.215430444,0.135094187,0.3642145,cutoff-w-sep-28,1.223194705,0.135957179,0.5035172
ret_cvxp_20_13,cvxps_size,9.5056745,cutoff-w-sep-10,1.379028514,0.145074241,0.2545064,cutoff-w-sep-16,1.359498231,0.143019649,0.4163255,cutoff-w-sep-22,1.636891761,0.172201537,0.5603586,cutoff-w-sep-28,1.905552239,0.200464705,0.7128104
ret_cvxp_20_14,cvxps_size,9.1350445,cutoff-w-sep-10,0.687672146,0.075278467,0.2011109,cutoff-w-sep-16,1.102417174,0.12068,0.3380036,cutoff-w-sep-22,1.335837875,0.146232224,0.4589414,cutoff-w-sep-28,1.356242289,0.148465866,0.6105176
ret_cvxp_20_15,cvxps_size,8.945166,cutoff-w-sep-10,1.032924903,0.115472972,0.2870102,cutoff-w-sep-16,1.308235743,0.146250583,0.4555546,cutoff-w-sep-22,1.424032391,0.159195748,0.6273757,cutoff-w-sep-28,1.604073458,0.179322939,0.791919
ret_cvxp_20_2,cvxps_size,5.033903,cutoff-w-sep-10,0.563162356,0.111873899,0.2296106,cutoff-w-sep-16,0.676374577,0.134363848,0.3441681,cutoff-w-sep-22,0.69827623,0.138714677,0.4954853,cutoff-w-sep-28,0.728391003,0.144697068,0.6276028
ret_cvxp_20_21,cvxps_size,12.1094865,cutoff-w-sep-10,1.01281646,0.083638267,0.2250614,cutoff-w-sep-16,1.23660438,0.102118647,0.3428311,cutoff-w-sep-22,1.525445185,0.125971088,0.5039911,cutoff-w-sep-28,1.498314834,0.123730666,0.6098235
ret_cvxp_20_22,cvxps_size,13.740094,cutoff-w-sep-10,1.334831526,0.097148646,0.2281827,cutoff-w-sep-16,1.221267086,0.088883459,0.3788553,cutoff-w-sep-22,1.446598543,0.105283017,0.5152133,cutoff-w-sep-28,1.611634636,0.117294295,0.6347622
ret_cvxp_20_23,cvxps_size,14.5796265,cutoff-w-sep-10,2.100736801,0.144087148,0.2256353,cutoff-w-sep-16,2.795343698,0.191729445,0.3764341,cutoff-w-sep-22,3.129480483,0.214647507,0.5102568,cutoff-w-sep-28,3.27091312,0.224348211,0.6525622
ret_cvxp_20_24,cvxps_size,13.631519,cutoff-w-sep-10,1.63472465,0.119922413,0.2293216,cutoff-w-sep-16,2.030220439,0.148935745,0.3678376,cutoff-w-sep-22,2.201401276,0.161493468,0.4986176,cutoff-w-sep-28,2.071052565,0.151931165,0.6842674
ret_cvxp_20_25,cvxps_size,13.6296535,cutoff-w-sep-10,1.495208501,0.109702606,0.1995204,cutoff-w-sep-16,2.100752916,0.154131058,0.3557499,cutoff-w-sep-22,2.466024379,0.18093082,0.487984,cutoff-w-sep-28,2.874612158,0.210908675,0.6450759
ret_cvxp_20_3,cvxps_size,5.021404,cutoff-w-sep-10,0.782016576,0.155736638,0.2561909,cutoff-w-sep-16,0.850318174,0.16933873,0.3872918,cutoff-w-sep-22,0.999700379,0.199087821,0.50906,cutoff-w-sep-28,0.991621695,0.197478971,0.6328815
ret_cvxp_20_4,cvxps_size,4.865169,cutoff-w-sep-10,0.529353066,0.108804662,0.2233748,cutoff-w-sep-16,0.607897194,0.124948834,0.3539151,cutoff-w-sep-22,0.856490138,0.1760453,0.5018684,cutoff-w-sep-28,0.738752023,0.15184509,0.6491089
ret_cvxp_20_5,cvxps_size,4.602721,cutoff-w-sep-10,0.289423463,0.062880949,0.1404721,cutoff-w-sep-16,0.369743381,0.080331478,0.2330749,cutoff-w-sep-22,0.367629699,0.079872254,0.2961585,cutoff-w-sep-28,0.50954835,0.110705896,0.3824227
ret_cvxp_22_1,cvxps_size,6.359894,cutoff-w-sep-10,0.866668613,0.136270921,0.3298141,cutoff-w-sep-16,0.938273314,0.147529709,0.5227118,cutoff-w-sep-22,0.981627723,0.154346554,0.7221351,cutoff-w-sep-28,1.024143014,0.16103146,0.9102035
ret_cvxp_22_11,cvxps_size,8.412232,cutoff-w-sep-10,0.911765796,0.108385717,0.2611115,cutoff-w-sep-16,1.204474749,0.143181352,0.4346448,cutoff-w-sep-22,1.337189557,0.15895776,0.5692197,cutoff-w-sep-28,1.53467187,0.182433374,0.7546453
ret_cvxp_22_12,cvxps_size,10.035751,cutoff-w-sep-10,0.890322669,0.088715102,0.2689518,cutoff-w-sep-16,1.337721799,0.133295635,0.4310471,cutoff-w-sep-22,1.425155641,0.142007872,0.5867163,cutoff-w-sep-28,1.63055324,0.162474462,0.7376253
ret_cvxp_22_13,cvxps_size,8.66633,cutoff-w-sep-10,1.119483017,0.129176135,0.326986,cutoff-w-sep-16,1.219152685,0.140676928,0.5235888,cutoff-w-sep-22,1.33155327,0.15364673,0.7087787,cutoff-w-sep-28,1.371756161,0.158285706,0.9057424
ret_cvxp_22_14,cvxps_size,9.524121,cutoff-w-sep-10,1.099515635,0.115445366,0.2853168,cutoff-w-sep-16,1.143539972,0.12006777,0.408557,cutoff-w-sep-22,1.477469256,0.155129198,0.5802374,cutoff-w-sep-28,1.523210855,0.159931909,0.7096566
ret_cvxp_22_15,cvxps_size,10.1788425,cutoff-w-sep-10,0.947823591,0.093117031,0.2510482,cutoff-w-sep-16,1.172716279,0.115211163,0.4205447,cutoff-w-sep-22,1.281457495,0.125894226,0.5565782,cutoff-w-sep-28,1.383822443,0.135950865,0.7198574
ret_cvxp_22_2,cvxps_size,5.5296005,cutoff-w-sep-10,1.077504244,0.194861138,0.2693971,cutoff-w-sep-16,0.867407805,0.15686627,0.4594655,cutoff-w-sep-22,1.223693534,0.221298724,0.6122761,cutoff-w-sep-28,1.171676088,0.211891634,0.8239869
ret_cvxp_22_21,cvxps_size,14.788911,cutoff-w-sep-10,1.267162698,0.0856833,0.2830382,cutoff-w-sep-16,1.954621242,0.132168031,0.4548779,cutoff-w-sep-22,2.373344677,0.160481369,0.6381834,cutoff-w-sep-28,2.741011334,0.185342337,0.8133302
ret_cvxp_22_22,cvxps_size,15.3983905,cutoff-w-sep-10,1.882537437,0.122255468,0.2728563,cutoff-w-sep-16,1.797540749,0.116735626,0.4478249,cutoff-w-sep-22,2.771481605,0.179985149,0.5944619,cutoff-w-sep-28,3.150609415,0.204606411,0.7719111
ret_cvxp_22_23,cvxps_size,14.255338,cutoff-w-sep-10,1.83450953,0.128689304,0.2420486,cutoff-w-sep-16,1.912197945,0.134139081,0.4251308,cutoff-w-sep-22,2.244523036,0.157451408,0.5849476,cutoff-w-sep-28,2.654536541,0.186213511,0.752212
ret_cvxp_22_24,cvxps_size,16.04301,cutoff-w-sep-10,1.826969385,0.113879464,0.2999393,cutoff-w-sep-16,2.825315162,0.176108795,0.4899096,cutoff-w-sep-22,2.683880021,0.167292797,0.6482845,cutoff-w-sep-28,2.991988431,0.186497947,0.7968239
ret_cvxp_22_25,cvxps_size,14.9116245,cutoff-w-sep-10,2.110527428,0.141535714,0.265289,cutoff-w-sep-16,2.720349045,0.182431434,0.3904774,cutoff-w-sep-22,2.716718172,0.182187942,0.5832144,cutoff-w-sep-28,2.860962853,0.191861246,0.7301117
ret_cvxp_22_3,cvxps_size,5.8153025,cutoff-w-sep-10,0.644403065,0.110811616,0.2046025,cutoff-w-sep-16,0.70325,0.12093094,0.3436776,cutoff-w-sep-22,0.726701377,0.124963642,0.4816472,cutoff-w-sep-28,0.833616352,0.143348751,0.6035667
ret_cvxp_22_4,cvxps_size,5.234844,cutoff-w-sep-10,0.393793896,0.075225526,0.2860128,cutoff-w-sep-16,0.735599826,0.140519914,0.4483647,cutoff-w-sep-22,0.824337905,0.157471341,0.6403907,cutoff-w-sep-28,0.807755537,0.15430365,0.7805611
ret_cvxp_22_5,cvxps_size,5.8150725,cutoff-w-sep-10,0.559719424,0.096253215,0.2174195,cutoff-w-sep-16,0.567693368,0.09762447,0.3365375,cutoff-w-sep-22,0.7427343,0.127725716,0.475101,cutoff-w-sep-28,0.687816976,0.118281754,0.5794466
ret_cvxp_24_1,cvxps_size,5.76614,cutoff-w-sep-10,0.369084152,0.064008878,0.2622878,cutoff-w-sep-16,0.407830153,0.070728451,0.4300416,cutoff-w-sep-22,0.449140228,0.077892703,0.5649328,cutoff-w-sep-28,0.584323886,0.101337097,0.7658709
ret_cvxp_24_11,cvxps_size,10.653217,cutoff-w-sep-10,0.903423991,0.084802928,0.2576193,cutoff-w-sep-16,1.129149461,0.105991407,0.4096297,cutoff-w-sep-22,1.168829806,0.109716136,0.5576442,cutoff-w-sep-28,1.354178785,0.127114541,0.7023697
ret_cvxp_24_12,cvxps_size,11.1970415,cutoff-w-sep-10,0.948509073,0.084710687,0.3202589,cutoff-w-sep-16,1.307597463,0.116780621,0.5301823,cutoff-w-sep-22,1.624522152,0.145084945,0.7014099,cutoff-w-sep-28,1.457086954,0.130131424,0.8819797
ret_cvxp_24_13,cvxps_size,10.309171,cutoff-w-sep-10,1.534676992,0.148865218,0.3422615,cutoff-w-sep-16,1.282321459,0.124386477,0.5330677,cutoff-w-sep-22,1.821734881,0.176710123,0.7619674,cutoff-w-sep-28,1.909462437,0.185219785,0.9565834
ret_cvxp_24_14,cvxps_size,10.3582875,cutoff-w-sep-10,1.056051391,0.101952315,0.3201216,cutoff-w-sep-16,1.414723015,0.136578852,0.5004348,cutoff-w-sep-22,1.492396056,0.144077489,0.699628,cutoff-w-sep-28,1.673744992,0.161585107,0.8925992
ret_cvxp_24_15,cvxps_size,10.7897005,cutoff-w-sep-10,1.449561675,0.134346794,0.3179606,cutoff-w-sep-16,1.708752935,0.158368894,0.506168,cutoff-w-sep-22,1.859365999,0.17232786,0.7104605,cutoff-w-sep-28,2.014823758,0.186735837,0.8897731
ret_cvxp_24_2,cvxps_size,6.276954,cutoff-w-sep-10,0.747153575,0.119031233,0.3184734,cutoff-w-sep-16,0.737173173,0.117441226,0.4936934,cutoff-w-sep-22,0.856938002,0.136521313,0.6966061,cutoff-w-sep-28,0.748530182,0.119250545,0.8595354
ret_cvxp_24_21,cvxps_size,17.3575975,cutoff-w-sep-10,1.534233658,0.088389747,0.2493333,cutoff-w-sep-16,2.134940699,0.122997477,0.4092314,cutoff-w-sep-22,2.598134441,0.149682837,0.5909949,cutoff-w-sep-28,2.580286609,0.148654594,0.7070672
ret_cvxp_24_22,cvxps_size,17.7675605,cutoff-w-sep-10,1.89301595,0.10654338,0.2524395,cutoff-w-sep-16,2.504992566,0.14098686,0.4105747,cutoff-w-sep-22,3.190025802,0.179542138,0.5503779,cutoff-w-sep-28,2.657901771,0.149592949,0.6917126
ret_cvxp_24_23,cvxps_size,16.9722345,cutoff-w-sep-10,1.373164058,0.080906498,0.2467552,cutoff-w-sep-16,1.399937134,0.082483961,0.4032904,cutoff-w-sep-22,1.607858317,0.094734628,0.5468123,cutoff-w-sep-28,1.667299459,0.098236886,0.7182433
ret_cvxp_24_24,cvxps_size,15.134123,cutoff-w-sep-10,1.338730491,0.088457751,0.2620688,cutoff-w-sep-16,1.871592028,0.123667029,0.4122181,cutoff-w-sep-22,1.939805646,0.128174302,0.5810054,cutoff-w-sep-28,2.407818362,0.159098638,0.7258868
ret_cvxp_24_25,cvxps_size,16.857165,cutoff-w-sep-10,1.546422577,0.091736812,0.3604412,cutoff-w-sep-16,2.335073804,0.138521145,0.5872032,cutoff-w-sep-22,2.407242504,0.142802334,0.8117748,cutoff-w-sep-28,2.608135183,0.154719681,1.0018266
ret_cvxp_24_3,cvxps_size,5.744651,cutoff-w-sep-10,0.560745838,0.09761182,0.3137778,cutoff-w-sep-16,1.011791324,0.176127553,0.5130315,cutoff-w-sep-22,0.837395894,0.145769672,0.7317242,cutoff-w-sep-28,0.960994932,0.167285172,0.9385452
ret_cvxp_24_4,cvxps_size,5.6625,cutoff-w-sep-10,0.428992819,0.075760321,0.3521297,cutoff-w-sep-16,0.563634722,0.099538141,0.5471012,cutoff-w-sep-22,0.626377549,0.110618552,0.7431279,cutoff-w-sep-28,0.649493327,0.114700808,0.9536917
ret_cvxp_24_5,cvxps_size,5.8142695,cutoff-w-sep-10,0.713958809,0.122794241,0.2422344,cutoff-w-sep-16,0.643812659,0.110729759,0.365896,cutoff-w-sep-22,0.903299664,0.155359098,0.4984359,cutoff-w-sep-28,0.814071611,0.140012707,0.6498285
ret_cvxp_26_1,cvxps_size,6.227889,cutoff-w-sep-10,0.589418184,0.094641729,0.3474724,cutoff-w-sep-16,0.620750892,0.099672761,0.558913,cutoff-w-sep-22,0.653597257,0.104946838,0.7311708,cutoff-w-sep-28,0.647391261,0.103950353,0.9149987
ret_cvxp_26_11,cvxps_size,11.0945675,cutoff-w-sep-10,0.985628798,0.088838866,0.2709984,cutoff-w-sep-16,1.30366344,0.117504665,0.4371242,cutoff-w-sep-22,1.47609716,0.133046841,0.6210852,cutoff-w-sep-28,1.429762929,0.128870542,0.7893706
ret_cvxp_26_12,cvxps_size,11.500147,cutoff-w-sep-10,0.912065151,0.079308999,0.2404215,cutoff-w-sep-16,1.218479102,0.10595335,0.3845598,cutoff-w-sep-22,1.328937899,0.11555834,0.5647839,cutoff-w-sep-28,1.492129851,0.129748763,0.7138758
ret_cvxp_26_13,cvxps_size,12.160335,cutoff-w-sep-10,1.430517382,0.117637991,0.3052853,cutoff-w-sep-16,1.701692175,0.139937936,0.4447747,cutoff-w-sep-22,1.654151428,0.136028442,0.6715688,cutoff-w-sep-28,1.899852674,0.15623358,0.7831562
ret_cvxp_26_14,cvxps_size,10.4088745,cutoff-w-sep-10,0.864374011,0.083042024,0.2576036,cutoff-w-sep-16,1.189439032,0.114271628,0.4577547,cutoff-w-sep-22,1.24047107,0.119174371,0.6273986,cutoff-w-sep-28,1.267647895,0.121785299,0.8036076
ret_cvxp_26_15,cvxps_size,11.860611,cutoff-w-sep-10,0.425780872,0.03589873,0.3254519,cutoff-w-sep-16,1.110413278,0.093621929,0.5361288,cutoff-w-sep-22,1.316811068,0.111023881,0.7304681,cutoff-w-sep-28,1.604025212,0.135239678,0.925348
ret_cvxp_26_2,cvxps_size,6.380706,cutoff-w-sep-10,0.790279196,0.123854507,0.2676232,cutoff-w-sep-16,0.768363072,0.120419758,0.4372754,cutoff-w-sep-22,0.906028799,0.141995071,0.5875182,cutoff-w-sep-28,0.813981078,0.127569125,0.7934905
ret_cvxp_26_21,cvxps_size,18.6049255,cutoff-w-sep-10,0.685542867,0.036847386,0.3181589,cutoff-w-sep-16,2.126225069,0.114282912,0.5132897,cutoff-w-sep-22,1.997807222,0.107380555,0.7073099,cutoff-w-sep-28,1.823286131,0.098000184,0.8638214
ret_cvxp_26_22,cvxps_size,19.69094,cutoff-w-sep-10,1.639168609,0.083244813,0.386177,cutoff-w-sep-16,2.35321271,0.119507383,0.6129235,cutoff-w-sep-22,2.199995383,0.111726275,0.8451691,cutoff-w-sep-28,3.001347681,0.152422773,1.0209103
ret_cvxp_26_23,cvxps_size,19.1889385,cutoff-w-sep-10,2.174756868,0.113333881,0.2766118,cutoff-w-sep-16,1.953550184,0.101806058,0.4416785,cutoff-w-sep-22,2.556976813,0.133252645,0.5712737,cutoff-w-sep-28,2.336101773,0.121742105,0.7471939
ret_cvxp_26_24,cvxps_size,16.9044595,cutoff-w-sep-10,1.145585915,0.067768266,0.2686783,cutoff-w-sep-16,2.046159041,0.121042559,0.4764574,cutoff-w-sep-22,1.807724972,0.106937756,0.6357607,cutoff-w-sep-28,1.777142824,0.105128639,0.7769347
ret_cvxp_26_25,cvxps_size,16.098321,cutoff-w-sep-10,0.987558616,0.061345442,0.2595935,cutoff-w-sep-16,1.541862541,0.095777848,0.4276361,cutoff-w-sep-22,1.53121545,0.095116469,0.5868662,cutoff-w-sep-28,1.532198258,0.095177519,0.7426751
ret_cvxp_26_3,cvxps_size,6.8193765,cutoff-w-sep-10,0.458531347,0.067239483,0.3155764,cutoff-w-sep-16,0.617052612,0.090485195,0.5082222,cutoff-w-sep-22,0.707892318,0.103806018,0.664636,cutoff-w-sep-28,0.554002684,0.081239492,0.8437718
ret_cvxp_26_4,cvxps_size,6.1733465,cutoff-w-sep-10,0.492750084,0.079818958,0.3278639,cutoff-w-sep-16,0.599190057,0.097060817,0.5249558,cutoff-w-sep-22,0.664393845,0.107622963,0.7292898,cutoff-w-sep-28,0.77172702,0.12500951,0.868623
ret_cvxp_26_5,cvxps_size,7.100454,cutoff-w-sep-10,0.654079292,0.092117954,0.3922995,cutoff-w-sep-16,0.833093856,0.11732966,0.5976345,cutoff-w-sep-22,0.995849004,0.140251455,0.8333938,cutoff-w-sep-28,1.178566207,0.165984627,1.0406068
ret_cvxp_28_1,cvxps_size,6.3382055,cutoff-w-sep-10,0.69931022,0.110332526,0.3671327,cutoff-w-sep-16,0.671361724,0.105922997,0.5648052,cutoff-w-sep-22,0.847571759,0.133724247,0.7808045,cutoff-w-sep-28,0.976553319,0.154074102,1.0089396
ret_cvxp_28_11,cvxps_size,11.7936775,cutoff-w-sep-10,0.797127183,0.067589366,0.3359053,cutoff-w-sep-16,0.862646649,0.07314484,0.5068841,cutoff-w-sep-22,1.1791925,0.09998514,0.7113095,cutoff-w-sep-28,1.200979696,0.101832503,0.9030924
ret_cvxp_28_12,cvxps_size,11.7229355,cutoff-w-sep-10,1.233726872,0.105240438,0.3867796,cutoff-w-sep-16,1.350303331,0.115184745,0.6185026,cutoff-w-sep-22,1.618900694,0.13809687,0.8325735,cutoff-w-sep-28,1.838558708,0.156834328,1.0871763
ret_cvxp_28_13,cvxps_size,12.250397,cutoff-w-sep-10,1.045805922,0.085369145,0.3537575,cutoff-w-sep-16,1.421526433,0.116039213,0.5856706,cutoff-w-sep-22,1.3974379,0.114072866,0.7958915,cutoff-w-sep-28,1.531667083,0.125029996,0.9863623
ret_cvxp_28_14,cvxps_size,11.0238,cutoff-w-sep-10,1.025248011,0.09300314,0.2366986,cutoff-w-sep-16,0.96131093,0.087203227,0.4060522,cutoff-w-sep-22,1.093372408,0.099182896,0.5247757,cutoff-w-sep-28,1.067282214,0.096816181,0.6933924
ret_cvxp_28_15,cvxps_size,12.8945675,cutoff-w-sep-10,1.115978177,0.086546383,0.2930982,cutoff-w-sep-16,1.151966624,0.08933736,0.4838765,cutoff-w-sep-22,1.371428878,0.106357106,0.6422154,cutoff-w-sep-28,1.721391293,0.133497404,0.8456988
ret_cvxp_28_2,cvxps_size,6.777903,cutoff-w-sep-10,0.352376243,0.051988977,0.37584,cutoff-w-sep-16,0.810544902,0.119586383,0.6142614,cutoff-w-sep-22,0.834248767,0.12308361,0.8420207,cutoff-w-sep-28,0.976153782,0.144020028,1.0591285
ret_cvxp_28_21,cvxps_size,20.387806,cutoff-w-sep-10,2.114289226,0.103703617,0.349621,cutoff-w-sep-16,2.141608223,0.105043585,0.5396943,cutoff-w-sep-22,2.510666081,0.123145476,0.755857,cutoff-w-sep-28,2.386138384,0.117037526,0.9728234
ret_cvxp_28_22,cvxps_size,17.9098055,cutoff-w-sep-10,1.399416494,0.07813689,0.3266665,cutoff-w-sep-16,2.142497246,0.119627053,0.5198385,cutoff-w-sep-22,1.999838283,0.111661642,0.699732,cutoff-w-sep-28,2.369636792,0.132309465,0.9013106
ret_cvxp_28_23,cvxps_size,19.0081795,cutoff-w-sep-10,1.710287645,0.089976404,0.283204,cutoff-w-sep-16,1.854897332,0.097584165,0.4941284,cutoff-w-sep-22,2.301240693,0.121065812,0.6520758,cutoff-w-sep-28,2.241797769,0.117938584,0.8378298
ret_cvxp_28_24,cvxps_size,18.329711,cutoff-w-sep-10,1.134657834,0.061902658,0.3281694,cutoff-w-sep-16,1.920652383,0.104783561,0.5247332,cutoff-w-sep-22,2.095714805,0.114334307,0.7152189,cutoff-w-sep-28,2.336709828,0.127482088,0.9220611
ret_cvxp_28_25,cvxps_size,18.299377,cutoff-w-sep-10,1.80404743,0.098585183,0.2390074,cutoff-w-sep-16,2.119098279,0.115801662,0.4165465,cutoff-w-sep-22,2.033366579,0.111116711,0.5501908,cutoff-w-sep-28,2.16625948,0.118378865,0.6859203
ret_cvxp_28_3,cvxps_size,6.5434375,cutoff-w-sep-10,0.492280562,0.075232714,0.3280622,cutoff-w-sep-16,0.652732185,0.099753713,0.5000837,cutoff-w-sep-22,0.727182986,0.111131647,0.7024057,cutoff-w-sep-28,0.765578997,0.116999512,0.8837888
ret_cvxp_28_4,cvxps_size,6.925611,cutoff-w-sep-10,0.82125698,0.118582603,0.2912507,cutoff-w-sep-16,0.962827717,0.139024227,0.4777553,cutoff-w-sep-22,1.04967733,0.151564581,0.6330478,cutoff-w-sep-28,1.068455625,0.154276009,0.8219161
ret_cvxp_28_5,cvxps_size,7.146753,cutoff-w-sep-10,0.413241008,0.057822204,0.2500433,cutoff-w-sep-16,0.601401798,0.084150354,0.4438441,cutoff-w-sep-22,0.662411508,0.092687058,0.5932242,cutoff-w-sep-28,0.789990226,0.110538342,0.7349683
ret_cvxp_30_1,cvxps_size,7.5158195,cutoff-w-sep-10,0.924272548,0.122976949,0.3865511,cutoff-w-sep-16,1.008520655,0.134186386,0.651336,cutoff-w-sep-22,1.385686282,0.184369287,0.8564316,cutoff-w-sep-28,1.491899591,0.198501253,1.1143702
ret_cvxp_30_11,cvxps_size,12.7991975,cutoff-w-sep-10,1.180182631,0.092207549,0.3695739,cutoff-w-sep-16,1.315329384,0.102766551,0.5748251,cutoff-w-sep-22,1.521762336,0.118895137,0.8109503,cutoff-w-sep-28,1.625721376,0.127017446,1.0002588
ret_cvxp_30_12,cvxps_size,13.0470565,cutoff-w-sep-10,0.965874928,0.074030102,0.3893872,cutoff-w-sep-16,1.567405173,0.120134773,0.611035,cutoff-w-sep-22,1.529996184,0.117267537,0.8460971,cutoff-w-sep-28,1.601199007,0.122724923,1.0488445
ret_cvxp_30_13,cvxps_size,12.20413,cutoff-w-sep-10,1.387668109,0.113704796,0.3381036,cutoff-w-sep-16,1.468204785,0.120303929,0.5121452,cutoff-w-sep-22,1.749729917,0.14337195,0.6997278,cutoff-w-sep-28,2.059690148,0.168769929,0.9058762
ret_cvxp_30_14,cvxps_size,13.672976,cutoff-w-sep-10,1.168765553,0.085479968,0.4266055,cutoff-w-sep-16,1.255039535,0.091789786,0.649914,cutoff-w-sep-22,1.342475457,0.098184584,0.9230649,cutoff-w-sep-28,1.313136493,0.096038821,1.1428076
ret_cvxp_30_15,cvxps_size,13.2290005,cutoff-w-sep-10,1.014806184,0.076710722,0.3901751,cutoff-w-sep-16,1.273927956,0.096298126,0.62834,cutoff-w-sep-22,1.350860196,0.102113549,0.8790973,cutoff-w-sep-28,1.570816464,0.118740374,1.0901097
ret_cvxp_30_2,cvxps_size,7.1194455,cutoff-w-sep-10,0.533834,0.074982525,0.3195516,cutoff-w-sep-16,0.592952008,0.083286263,0.514826,cutoff-w-sep-22,0.818470294,0.114962646,0.7074272,cutoff-w-sep-28,0.769500609,0.108084346,0.9097918
ret_cvxp_30_21,cvxps_size,19.939668,cutoff-w-sep-10,1.259934834,0.063187353,0.3470629,cutoff-w-sep-16,2.477420135,0.124245807,0.4947787,cutoff-w-sep-22,2.996120791,0.150259312,0.7452897,cutoff-w-sep-28,3.250491463,0.163016328,0.9204872
ret_cvxp_30_22,cvxps_size,20.1218895,cutoff-w-sep-10,2.026699047,0.10072111,0.3936754,cutoff-w-sep-16,1.920796959,0.095458081,0.6226434,cutoff-w-sep-22,2.182865629,0.10848214,0.8720158,cutoff-w-sep-28,2.198984932,0.109283223,1.0576485
ret_cvxp_30_23,cvxps_size,21.126105,cutoff-w-sep-10,1.914688617,0.090631407,0.3901736,cutoff-w-sep-16,2.427966959,0.114927336,0.6425093,cutoff-w-sep-22,2.880133099,0.13633053,0.8586163,cutoff-w-sep-28,3.55156533,0.168112642,1.1320071
ret_cvxp_30_24,cvxps_size,18.9599565,cutoff-w-sep-10,2.057615592,0.108524278,0.3610816,cutoff-w-sep-16,2.228534117,0.117538989,0.5713279,cutoff-w-sep-22,2.393873698,0.126259451,0.8117275,cutoff-w-sep-28,2.513060207,0.132545674,1.0530252
ret_cvxp_30_25,cvxps_size,20.174116,cutoff-w-sep-10,1.574449791,0.078043062,0.3517772,cutoff-w-sep-16,1.94557258,0.09643905,0.5288499,cutoff-w-sep-22,1.805424667,0.089492133,0.7569031,cutoff-w-sep-28,2.144245706,0.106286972,0.9213778
ret_cvxp_30_3,cvxps_size,8.1312445,cutoff-w-sep-10,0.426089319,0.052401489,0.3744337,cutoff-w-sep-16,0.52362003,0.06439605,0.5967374,cutoff-w-sep-22,0.523296008,0.064356201,0.784124,cutoff-w-sep-28,0.562664717,0.06919786,0.9826465
ret_cvxp_30_4,cvxps_size,7.4244315,cutoff-w-sep-10,0.369955205,0.049829432,0.3411491,cutoff-w-sep-16,0.532000379,0.071655369,0.5951873,cutoff-w-sep-22,0.924328685,0.124498244,0.8048335,cutoff-w-sep-28,0.763561974,0.102844504,1.0574975
ret_cvxp_30_5,cvxps_size,7.552956,cutoff-w-sep-10,0.662945548,0.087772992,0.3850886,cutoff-w-sep-16,0.752467392,0.09962555,0.6149442,cutoff-w-sep-22,0.781340203,0.103448266,0.8572084,cutoff-w-sep-28,0.904251276,0.119721507,1.098575
ret_cvxp_6_1,cvxps_size,1.3259385,cutoff-w-sep-10,0.52766981,0.397959491,0.0679694,cutoff-w-sep-16,0.516669949,0.389663585,0.0993252,cutoff-w-sep-22,0.546434279,0.41211133,0.1376312,cutoff-w-sep-28,0.541581399,0.408451372,0.1604884
ret_cvxp_6_11,cvxps_size,2.6414605,cutoff-w-sep-10,1.210641426,0.458322745,0.0757636,cutoff-w-sep-16,1.21553126,0.46017393,0.1286336,cutoff-w-sep-22,1.273665954,0.482182472,0.1733713,cutoff-w-sep-28,1.276110871,0.483108065,0.2168511
ret_cvxp_6_12,cvxps_size,2.1089315,cutoff-w-sep-10,0.681958461,0.323366814,0.1121591,cutoff-w-sep-16,0.887146418,0.420661562,0.1936771,cutoff-w-sep-22,0.915103445,0.43391805,0.2376542,cutoff-w-sep-28,0.937083083,0.444340218,0.2884584
ret_cvxp_6_13,cvxps_size,2.770187,cutoff-w-sep-10,0.836008129,0.301787616,0.1059128,cutoff-w-sep-16,1.009979302,0.364588853,0.1705919,cutoff-w-sep-22,1.34567885,0.485771845,0.2296999,cutoff-w-sep-28,1.370678847,0.494796505,0.2985459
ret_cvxp_6_14,cvxps_size,2.8573385,cutoff-w-sep-10,0.652520869,0.228366667,0.0582405,cutoff-w-sep-16,0.828121993,0.289822852,0.0973973,cutoff-w-sep-22,1.146785595,0.401347476,0.1306509,cutoff-w-sep-28,1.523534714,0.533200639,0.1643238
ret_cvxp_6_15,cvxps_size,2.8922375,cutoff-w-sep-10,0.602055719,0.208162614,0.069655,cutoff-w-sep-16,0.767036792,0.265205327,0.118876,cutoff-w-sep-22,0.853005007,0.294929101,0.1390311,cutoff-w-sep-28,1.080584295,0.373615339,0.185553
ret_cvxp_6_2,cvxps_size,1.367573,cutoff-w-sep-10,0.553599993,0.404804711,0.0858537,cutoff-w-sep-16,0.557168728,0.40741425,0.1254283,cutoff-w-sep-22,0.666238187,0.487168281,0.1824309,cutoff-w-sep-28,0.647836898,0.473712846,0.2248297
ret_cvxp_6_21,cvxps_size,4.116949,cutoff-w-sep-10,1.282358402,0.311482703,0.0859671,cutoff-w-sep-16,1.52530589,0.37049424,0.1428627,cutoff-w-sep-22,2.130896944,0.51759129,0.2043169,cutoff-w-sep-28,2.094158543,0.508667594,0.2646378
ret_cvxp_6_22,cvxps_size,4.5145365,cutoff-w-sep-10,1.363987947,0.302132444,0.0630161,cutoff-w-sep-16,1.64227026,0.363773836,0.1042663,cutoff-w-sep-22,1.841878252,0.40798834,0.1424401,cutoff-w-sep-28,2.357682088,0.522242336,0.1894586
ret_cvxp_6_23,cvxps_size,3.8621175,cutoff-w-sep-10,0.841019027,0.217761118,0.0868686,cutoff-w-sep-16,1.093725684,0.28319327,0.1323977,cutoff-w-sep-22,1.068693421,0.276711783,0.1932478,cutoff-w-sep-28,1.491316047,0.386139481,0.2428937
ret_cvxp_6_24,cvxps_size,4.143735,cutoff-w-sep-10,1.613013129,0.389265513,0.0850569,cutoff-w-sep-16,1.74751995,0.421725798,0.1313302,cutoff-w-sep-22,1.851797088,0.446890809,0.1811249,cutoff-w-sep-28,1.929203398,0.465571133,0.2345439
ret_cvxp_6_25,cvxps_size,3.9623855,cutoff-w-sep-10,0.768629807,0.193981582,0.0541146,cutoff-w-sep-16,1.225782447,0.309354667,0.0873014,cutoff-w-sep-22,1.571761699,0.396670566,0.1316744,cutoff-w-sep-28,1.671530231,0.421849472,0.1779344
ret_cvxp_6_3,cvxps_size,1.492897,cutoff-w-sep-10,0.557132683,0.373188963,0.0625148,cutoff-w-sep-16,0.601087453,0.402631563,0.1025744,cutoff-w-sep-22,0.595343817,0.398784254,0.1375529,cutoff-w-sep-28,0.710854717,0.476157911,0.1921941
ret_cvxp_6_4,cvxps_size,1.4995065,cutoff-w-sep-10,0.589252455,0.392964255,0.0805762,cutoff-w-sep-16,0.631537147,0.421163327,0.1220317,cutoff-w-sep-22,0.650669764,0.433922603,0.1673271,cutoff-w-sep-28,0.688291885,0.459012272,0.2106121
ret_cvxp_6_5,cvxps_size,1.6315175,cutoff-w-sep-10,0.401579756,0.246138798,0.0789416,cutoff-w-sep-16,0.588745552,0.360857638,0.1232527,cutoff-w-sep-22,0.612290083,0.375288701,0.1707506,cutoff-w-sep-28,0.722473198,0.442822831,0.2147589
ret_cvxp_8_1,cvxps_size,2.0234455,cutoff-w-sep-10,0.504653677,0.249403148,0.1091307,cutoff-w-sep-16,0.521342791,0.257651017,0.1758819,cutoff-w-sep-22,0.709461929,0.350620725,0.2376427,cutoff-w-sep-28,0.704573904,0.348205031,0.3078407
ret_cvxp_8_11,cvxps_size,3.629473,cutoff-w-sep-10,0.542918435,0.149586024,0.0822254,cutoff-w-sep-16,0.72250004,0.199064724,0.1419382,cutoff-w-sep-22,0.826724612,0.227780896,0.1844184,cutoff-w-sep-28,0.786959286,0.21682467,0.2474607
ret_cvxp_8_12,cvxps_size,2.919444,cutoff-w-sep-10,0.798154425,0.273392613,0.1148767,cutoff-w-sep-16,0.864088104,0.295976941,0.1733722,cutoff-w-sep-22,0.990601873,0.339311826,0.2627967,cutoff-w-sep-28,0.913115712,0.312770415,0.305738
ret_cvxp_8_13,cvxps_size,4.012184,cutoff-w-sep-10,1.007319756,0.251065194,0.1265499,cutoff-w-sep-16,1.501980838,0.374354924,0.1977119,cutoff-w-sep-22,1.304961747,0.325249726,0.283114,cutoff-w-sep-28,1.770990297,0.44140306,0.343114
ret_cvxp_8_14,cvxps_size,3.225146,cutoff-w-sep-10,0.617052312,0.191325389,0.101577,cutoff-w-sep-16,0.694003496,0.215185141,0.1570838,cutoff-w-sep-22,0.904657364,0.280501213,0.2271746,cutoff-w-sep-28,1.079360601,0.334670307,0.2768001
ret_cvxp_8_15,cvxps_size,3.3653135,cutoff-w-sep-10,0.991579845,0.294647095,0.1229552,cutoff-w-sep-16,0.958585069,0.284842725,0.1998647,cutoff-w-sep-22,1.023706337,0.304193454,0.2651237,cutoff-w-sep-28,1.114379951,0.33113704,0.3443982
ret_cvxp_8_2,cvxps_size,1.7089615,cutoff-w-sep-10,0.33341667,0.195098994,0.0857601,cutoff-w-sep-16,0.425833147,0.249176559,0.1412694,cutoff-w-sep-22,0.473834768,0.277264741,0.1920379,cutoff-w-sep-28,0.510999776,0.299011871,0.235801
ret_cvxp_8_21,cvxps_size,4.9502495,cutoff-w-sep-10,1.348224063,0.27235477,0.1074723,cutoff-w-sep-16,1.528587205,0.308789932,0.1652906,cutoff-w-sep-22,1.776155722,0.358801253,0.2295318,cutoff-w-sep-28,1.774241039,0.358414468,0.2932437
ret_cvxp_8_22,cvxps_size,4.6205735,cutoff-w-sep-10,1.109909926,0.240210425,0.1086794,cutoff-w-sep-16,1.039863465,0.225050736,0.1721059,cutoff-w-sep-22,1.350768839,0.292337918,0.2434689,cutoff-w-sep-28,1.527072221,0.330494087,0.2955417
ret_cvxp_8_23,cvxps_size,5.0585615,cutoff-w-sep-10,1.178508893,0.232973127,0.0946902,cutoff-w-sep-16,1.435038709,0.283685136,0.1680141,cutoff-w-sep-22,1.610788924,0.318428257,0.2321164,cutoff-w-sep-28,1.730648387,0.342122634,0.3031064
ret_cvxp_8_24,cvxps_size,5.1361055,cutoff-w-sep-10,1.61982863,0.315380716,0.1190805,cutoff-w-sep-16,1.566239155,0.304946843,0.1887391,cutoff-w-sep-22,1.842186398,0.358673785,0.2491139,cutoff-w-sep-28,1.888257925,0.367643913,0.31075
ret_cvxp_8_25,cvxps_size,4.6926815,cutoff-w-sep-10,1.33147432,0.283734219,0.0997716,cutoff-w-sep-16,1.515722784,0.322997157,0.1584638,cutoff-w-sep-22,1.61133657,0.343372243,0.2260338,cutoff-w-sep-28,1.638415511,0.349142705,0.2820324
ret_cvxp_8_3,cvxps_size,2.2487705,cutoff-w-sep-10,0.421515806,0.187442785,0.1058484,cutoff-w-sep-16,0.811895754,0.361039846,0.1642086,cutoff-w-sep-22,0.950517115,0.422683024,0.2292586,cutoff-w-sep-28,1.073108133,0.47719771,0.3025196
ret_cvxp_8_4,cvxps_size,2.071446,cutoff-w-sep-10,0.642005522,0.309931093,0.1271678,cutoff-w-sep-16,0.883848379,0.426681834,0.2012839,cutoff-w-sep-22,0.797605448,0.385047666,0.2751156,cutoff-w-sep-28,0.969864653,0.468206583,0.3408718
ret_cvxp_8_5,cvxps_size,2.0403575,cutoff-w-sep-10,0.217430139,0.106564726,0.0732794,cutoff-w-sep-16,0.374755123,0.183671304,0.1319248,cutoff-w-sep-22,0.384549274,0.188471517,0.1792369,cutoff-w-sep-28,0.37176533,0.182205976,0.2248137
